Num_Cta,Cli_codigo,TipoCuenta,Sucursal,FechaApertura,Saldo
191-10001-25,C0001,CTA AHORROS SOLES,La Molina,23/07/2011,2834.11
191-10002-42,C0002,CTA CORRIENTE,Callao,21/11/2019,2959.78
191-10003-47,C0003,CTA AHORROS SOLES,San Isidro,14/12/2019,815.81
191-10004-53,C0004,CTA AHORROS SOLES,La Molina,27/10/2016,14891.37
191-10005-62,C0005,CTA AHORROS DOLARES,La Molina,17/01/2010,9931.84
191-10006-41,C0006,CTA AHORROS DOLARES,Cajamarca,27/04/2018,8054.01
191-10007-52,C0007,CTA AHORROS SOLES,Lince,06/06/2020,14617.84
191-10008-10,C0008,CTA AHORROS SOLES,Callao,15/08/2018,3108.68
191-10009-11,C0009,CTA AHORROS DOLARES,Cajamarca,09/12/2023,8191.82
191-10010-30,C0010,CTA AHORROS SOLES,Lince,09/06/2023,14067.36
191-10011-57,C0011,CTA AHORROS SOLES,La Molina,31/07/2012,5813.82
191-10012-32,C0012,CTA AHORROS SOLES,San Isidro,20/12/2020,9886.73
191-10013-47,C0013,CTA AHORROS SOLES,San Isidro,04/06/2017,4667.13
191-10014-39,C0014,CTA AHORROS SOLES,Lince,23/05/2016,9113.4
191-10015-29,C0015,CTA CORRIENTE,La Molina,04/08/2012,6736.69
191-10016-49,C0016,CTA CORRIENTE,Surco,26/04/2018,10631.65
191-10017-28,C0017,CTA AHORROS DOLARES,Lince,28/11/2018,13262.26
191-10018-89,C0018,CTA AHORROS DOLARES,Miraflores,11/07/2016,6139.81
191-10019-52,C0019,CTA AHORROS DOLARES,Surco,05/12/2024,13549.35
191-10020-21,C0020,CTA AHORROS DOLARES,Callao,11/09/2011,6586.24
191-10021-99,C0021,CTA CORRIENTE,Surco,12/10/2010,8590.84
191-10022-70,C0022,CTA CORRIENTE,Surco,11/09/2020,5519.76
191-10023-17,C0023,CTA AHORROS SOLES,Callao,27/09/2018,10634.74
191-10024-33,C0024,CTA AHORROS SOLES,Lince,13/11/2021,7773.71
191-10025-26,C0025,CTA CORRIENTE,Callao,21/05/2014,6813.2
191-10026-14,C0026,CTA AHORROS DOLARES,Surco,09/05/2015,5274.47
191-10027-87,C0027,CTA AHORROS SOLES,La Molina,24/02/2012,7067.11
191-10028-47,C0028,CTA CORRIENTE,Surco,08/10/2018,9620.41
191-10029-88,C0029,CTA CORRIENTE,Lince,24/10/2016,3467.05
191-10030-50,C0030,CTA CORRIENTE,Lince,30/03/2019,2886.66
191-10031-66,C0031,CTA CORRIENTE,San Isidro,13/10/2011,3290.45
191-10032-27,C0032,CTA AHORROS SOLES,Cajamarca,26/01/2012,12652.66
191-10033-35,C0033,CTA CORRIENTE,Surco,07/06/2021,10096.28
191-10034-30,C0034,CTA AHORROS DOLARES,Surco,29/11/2019,4114.77
191-10035-45,C0035,CTA AHORROS DOLARES,Callao,26/08/2010,10251.48
191-10036-77,C0036,CTA CORRIENTE,Callao,27/06/2016,4452.0
191-10037-97,C0037,CTA CORRIENTE,San Isidro,13/09/2015,11695.96
191-10038-81,C0038,CTA AHORROS DOLARES,Miraflores,05/10/2019,5500.3
191-10039-30,C0039,CTA AHORROS DOLARES,Surco,06/01/2023,9093.06
191-10040-71,C0040,CTA AHORROS SOLES,Cajamarca,02/05/2012,6488.83
191-10041-38,C0041,CTA AHORROS DOLARES,Surco,20/07/2012,13839.67
191-10042-21,C0042,CTA AHORROS SOLES,Miraflores,29/08/2018,13065.72
191-10043-81,C0043,CTA AHORROS DOLARES,Miraflores,14/01/2013,2357.28
191-10044-82,C0044,CTA CORRIENTE,San Isidro,30/07/2015,1861.18
191-10045-51,C0045,CTA AHORROS SOLES,Miraflores,30/10/2021,9136.37
191-10046-31,C0046,CTA AHORROS SOLES,Cajamarca,13/02/2018,1293.32
191-10047-57,C0047,CTA AHORROS DOLARES,Lince,12/01/2013,6237.6
191-10048-46,C0048,CTA AHORROS SOLES,La Molina,22/05/2019,14364.21
191-10049-20,C0049,CTA AHORROS SOLES,La Molina,08/08/2013,10093.63
191-10050-91,C0050,CTA CORRIENTE,La Molina,07/03/2021,5036.93
191-10051-51,C0051,CTA AHORROS DOLARES,Lince,20/04/2014,14188.15
191-10052-43,C0052,CTA AHORROS DOLARES,Surco,31/10/2023,6516.42
191-10053-48,C0053,CTA AHORROS SOLES,Callao,11/08/2021,8993.5
191-10054-98,C0054,CTA AHORROS SOLES,Cajamarca,15/05/2020,12201.27
191-10055-72,C0055,CTA AHORROS SOLES,San Isidro,01/08/2012,7184.96
191-10056-22,C0056,CTA AHORROS SOLES,Callao,24/08/2013,9328.77
191-10057-31,C0057,CTA CORRIENTE,Surco,13/01/2012,13328.6
191-10058-35,C0058,CTA AHORROS SOLES,Miraflores,11/06/2021,11533.84
191-10059-17,C0059,CTA CORRIENTE,Surco,15/12/2011,14646.62
191-10060-74,C0060,CTA CORRIENTE,Cajamarca,06/10/2012,7694.48
191-10061-16,C0061,CTA AHORROS DOLARES,Cajamarca,03/06/2012,5779.26
191-10062-80,C0062,CTA CORRIENTE,Lince,02/11/2022,12931.35
191-10063-83,C0063,CTA AHORROS DOLARES,San Isidro,09/03/2014,6484.71
191-10064-76,C0064,CTA AHORROS DOLARES,Lince,05/08/2019,5144.05
191-10065-52,C0065,CTA CORRIENTE,Cajamarca,20/03/2013,11269.25
191-10066-40,C0066,CTA CORRIENTE,Cajamarca,20/10/2019,4092.28
191-10067-84,C0067,CTA CORRIENTE,Cajamarca,11/11/2021,5071.49
191-10068-67,C0068,CTA AHORROS SOLES,Surco,20/07/2020,4400.05
191-10069-14,C0069,CTA AHORROS DOLARES,Lince,06/04/2010,2906.13
191-10070-55,C0070,CTA AHORROS SOLES,Cajamarca,08/05/2018,6353.32
191-10071-94,C0071,CTA CORRIENTE,Cajamarca,23/11/2011,12763.93
191-10072-29,C0072,CTA AHORROS DOLARES,Miraflores,18/09/2016,7917.11
191-10073-82,C0073,CTA AHORROS DOLARES,San Isidro,14/09/2011,623.34
191-10074-88,C0074,CTA AHORROS DOLARES,Miraflores,04/09/2013,8639.1
191-10075-82,C0075,CTA AHORROS DOLARES,La Molina,03/08/2012,585.89
191-10076-25,C0076,CTA AHORROS SOLES,Surco,08/07/2012,12630.37
191-10077-61,C0077,CTA AHORROS SOLES,Lince,09/09/2015,14707.22
191-10078-91,C0078,CTA AHORROS SOLES,Cajamarca,05/10/2013,8182.61
191-10079-88,C0079,CTA AHORROS DOLARES,La Molina,15/09/2018,922.31
191-10080-35,C0080,CTA CORRIENTE,Cajamarca,27/05/2019,7656.58
191-10081-38,C0081,CTA AHORROS DOLARES,Surco,26/10/2012,9174.74
191-10082-12,C0082,CTA AHORROS SOLES,Callao,01/07/2023,13763.99
191-10083-28,C0083,CTA AHORROS SOLES,Surco,22/11/2011,6124.94
191-10084-31,C0084,CTA AHORROS SOLES,Lince,02/02/2020,6320.93
191-10085-39,C0085,CTA AHORROS SOLES,Surco,06/03/2018,854.59
191-10086-29,C0086,CTA AHORROS SOLES,Miraflores,02/01/2016,13034.48
191-10087-26,C0087,CTA AHORROS SOLES,Callao,22/11/2023,4341.03
191-10088-34,C0088,CTA AHORROS DOLARES,Lince,26/06/2014,1833.09
191-10089-89,C0089,CTA AHORROS SOLES,Cajamarca,05/04/2018,5477.27
191-10090-77,C0090,CTA AHORROS SOLES,Lince,23/04/2017,1620.54
191-10091-58,C0091,CTA AHORROS SOLES,La Molina,18/10/2017,14430.26
191-10092-18,C0092,CTA AHORROS SOLES,La Molina,10/07/2012,4525.29
191-10093-87,C0093,CTA AHORROS SOLES,Callao,27/08/2020,2803.74
191-10094-61,C0094,CTA CORRIENTE,San Isidro,06/10/2014,3272.15
191-10095-80,C0095,CTA CORRIENTE,Cajamarca,18/05/2023,4894.98
191-10096-72,C0096,CTA AHORROS SOLES,Lince,17/03/2016,6151.55
191-10097-67,C0097,CTA AHORROS SOLES,Callao,21/11/2023,11004.13
191-10098-48,C0098,CTA AHORROS SOLES,Lince,17/02/2018,4530.26
191-10099-58,C0099,CTA CORRIENTE,Lince,17/07/2011,12748.49
191-10100-15,C0100,CTA CORRIENTE,Callao,02/03/2019,5534.56
191-10101-37,C0101,CTA CORRIENTE,Callao,15/06/2011,3641.07
191-10102-48,C0102,CTA CORRIENTE,Lince,29/01/2019,10190.64
191-10103-59,C0103,CTA AHORROS SOLES,La Molina,20/12/2019,1104.63
191-10104-23,C0104,CTA CORRIENTE,Lince,03/03/2013,7720.35
191-10105-58,C0105,CTA AHORROS SOLES,Surco,18/02/2014,12031.73
191-10106-26,C0106,CTA AHORROS DOLARES,La Molina,05/06/2021,12368.16
191-10107-31,C0107,CTA AHORROS SOLES,Callao,15/12/2023,14492.69
191-10108-53,C0108,CTA AHORROS SOLES,Cajamarca,22/01/2013,7905.46
191-10109-80,C0109,CTA AHORROS SOLES,La Molina,08/11/2020,6081.12
191-10110-28,C0110,CTA AHORROS DOLARES,Lince,25/07/2010,10852.27
191-10111-29,C0111,CTA CORRIENTE,Miraflores,23/12/2016,7057.78
191-10112-62,C0112,CTA AHORROS SOLES,Miraflores,04/10/2018,4792.73
191-10113-58,C0113,CTA CORRIENTE,Surco,13/04/2024,2460.65
191-10114-94,C0114,CTA AHORROS SOLES,Surco,02/08/2021,8863.07
191-10115-76,C0115,CTA AHORROS SOLES,Cajamarca,24/07/2016,12398.45
191-10116-22,C0116,CTA CORRIENTE,San Isidro,29/11/2011,12660.63
191-10117-59,C0117,CTA AHORROS SOLES,Lince,22/11/2019,979.7
191-10118-81,C0118,CTA AHORROS DOLARES,Cajamarca,22/02/2015,11079.85
191-10119-27,C0119,CTA AHORROS SOLES,Callao,05/05/2024,8773.89
191-10120-82,C0120,CTA AHORROS SOLES,San Isidro,28/07/2021,10893.58
191-10121-57,C0121,CTA AHORROS SOLES,Surco,29/04/2020,5319.01
191-10122-55,C0122,CTA CORRIENTE,Callao,30/04/2024,3120.97
191-10123-55,C0123,CTA AHORROS SOLES,Surco,11/05/2015,4375.76
191-10124-89,C0124,CTA AHORROS SOLES,Callao,11/12/2014,5812.13
191-10125-43,C0125,CTA AHORROS SOLES,Cajamarca,04/09/2016,11753.47
191-10126-71,C0126,CTA CORRIENTE,San Isidro,29/05/2020,5215.13
191-10127-58,C0127,CTA AHORROS SOLES,Cajamarca,18/09/2014,3453.51
191-10128-24,C0128,CTA AHORROS SOLES,Surco,21/10/2013,4161.1
191-10129-50,C0129,CTA AHORROS SOLES,Miraflores,10/09/2015,8566.52
191-10130-20,C0130,CTA AHORROS SOLES,San Isidro,24/03/2018,13414.27
191-10131-63,C0131,CTA AHORROS DOLARES,Surco,09/08/2018,602.4
191-10132-24,C0132,CTA AHORROS DOLARES,Lince,27/12/2023,8281.61
191-10133-48,C0133,CTA CORRIENTE,La Molina,11/01/2013,6532.4
191-10134-27,C0134,CTA CORRIENTE,Miraflores,22/06/2019,12515.68
191-10135-80,C0135,CTA AHORROS SOLES,Cajamarca,15/09/2022,6034.91
191-10136-70,C0136,CTA AHORROS SOLES,San Isidro,16/02/2015,7121.43
191-10137-35,C0137,CTA AHORROS SOLES,La Molina,12/05/2015,6928.59
191-10138-36,C0138,CTA AHORROS DOLARES,Lince,16/05/2013,12320.59
191-10139-40,C0139,CTA CORRIENTE,La Molina,01/04/2020,9188.35
191-10140-70,C0140,CTA CORRIENTE,San Isidro,02/04/2016,5977.97
191-10141-66,C0141,CTA CORRIENTE,San Isidro,04/03/2011,2958.82
191-10142-34,C0142,CTA CORRIENTE,La Molina,13/12/2021,2407.07
191-10143-49,C0143,CTA AHORROS SOLES,Callao,07/08/2012,5097.01
191-10144-57,C0144,CTA AHORROS DOLARES,Callao,06/03/2011,4238.4
191-10145-46,C0145,CTA AHORROS DOLARES,Lince,14/02/2023,1372.37
191-10146-42,C0146,CTA AHORROS DOLARES,San Isidro,28/06/2019,9769.2
191-10147-57,C0147,CTA AHORROS SOLES,Cajamarca,18/07/2010,8436.68
191-10148-57,C0148,CTA AHORROS SOLES,San Isidro,29/06/2016,10234.6
191-10149-64,C0149,CTA AHORROS SOLES,Lince,22/03/2022,8732.33
191-10150-10,C0150,CTA AHORROS DOLARES,Lince,19/01/2019,2669.25
191-10151-16,C0151,CTA CORRIENTE,Cajamarca,02/07/2024,7998.07
191-10152-97,C0152,CTA CORRIENTE,La Molina,29/06/2020,5278.75
191-10153-90,C0153,CTA AHORROS SOLES,San Isidro,25/06/2012,9022.51
191-10154-38,C0154,CTA AHORROS DOLARES,Callao,31/12/2023,4448.65
191-10155-40,C0155,CTA AHORROS DOLARES,Lince,17/12/2014,3695.39
191-10156-24,C0156,CTA AHORROS SOLES,La Molina,31/07/2018,10650.04
191-10157-33,C0157,CTA AHORROS SOLES,Lince,04/08/2014,14097.59
191-10158-75,C0158,CTA AHORROS SOLES,Cajamarca,26/06/2017,13931.2
191-10159-51,C0159,CTA CORRIENTE,Miraflores,11/04/2018,661.18
191-10160-94,C0160,CTA AHORROS DOLARES,Lince,02/01/2022,10673.47
191-10161-72,C0161,CTA AHORROS SOLES,San Isidro,06/09/2011,12072.04
191-10162-72,C0162,CTA CORRIENTE,Lince,12/03/2024,8619.22
191-10163-45,C0163,CTA CORRIENTE,Cajamarca,27/12/2010,4004.21
191-10164-38,C0164,CTA AHORROS SOLES,Surco,18/03/2020,5846.68
191-10165-45,C0165,CTA AHORROS SOLES,Callao,15/12/2016,5539.91
191-10166-67,C0166,CTA AHORROS SOLES,Callao,14/12/2015,7189.38
191-10167-42,C0167,CTA AHORROS SOLES,Surco,15/09/2020,9806.84
191-10168-54,C0168,CTA AHORROS SOLES,Lince,07/11/2024,5715.79
191-10169-88,C0169,CTA AHORROS SOLES,Surco,08/10/2013,2281.09
191-10170-12,C0170,CTA CORRIENTE,Cajamarca,02/12/2014,5082.94
191-10171-76,C0171,CTA AHORROS DOLARES,San Isidro,20/12/2015,7422.63
191-10172-41,C0172,CTA AHORROS DOLARES,Callao,07/12/2019,10724.84
191-10173-79,C0173,CTA CORRIENTE,Cajamarca,30/12/2010,2973.77
191-10174-44,C0174,CTA CORRIENTE,Lince,07/08/2014,898.81
191-10175-65,C0175,CTA AHORROS DOLARES,San Isidro,09/03/2017,11928.79
191-10176-96,C0176,CTA AHORROS SOLES,Surco,16/11/2013,8801.7
191-10177-55,C0177,CTA AHORROS SOLES,La Molina,31/03/2023,8922.35
191-10178-32,C0178,CTA AHORROS SOLES,Miraflores,15/11/2021,11728.73
191-10179-72,C0179,CTA AHORROS SOLES,San Isidro,09/04/2013,1433.34
191-10180-45,C0180,CTA CORRIENTE,Lince,30/08/2010,7934.92
191-10181-26,C0181,CTA AHORROS SOLES,Cajamarca,16/11/2023,6520.75
191-10182-55,C0182,CTA AHORROS SOLES,San Isidro,27/01/2012,7529.59
191-10183-81,C0183,CTA CORRIENTE,La Molina,10/02/2024,7350.66
191-10184-26,C0184,CTA AHORROS DOLARES,San Isidro,19/09/2013,6823.72
191-10185-83,C0185,CTA CORRIENTE,La Molina,27/04/2024,9060.52
191-10186-12,C0186,CTA AHORROS SOLES,Lince,22/08/2017,3524.99
191-10187-83,C0187,CTA AHORROS SOLES,Surco,12/05/2014,4612.01
191-10188-94,C0188,CTA AHORROS SOLES,Surco,05/07/2012,7463.54
191-10189-56,C0189,CTA AHORROS DOLARES,San Isidro,18/09/2020,8331.51
191-10190-89,C0190,CTA AHORROS SOLES,Miraflores,26/12/2012,8529.61
191-10191-56,C0191,CTA AHORROS DOLARES,La Molina,06/06/2024,7411.81
191-10192-40,C0192,CTA CORRIENTE,Callao,13/03/2024,2947.83
191-10193-32,C0193,CTA CORRIENTE,San Isidro,06/05/2021,1039.58
191-10194-50,C0194,CTA AHORROS DOLARES,Lince,27/02/2017,12370.43
191-10195-28,C0195,CTA AHORROS SOLES,Callao,04/08/2010,3866.48
191-10196-11,C0196,CTA CORRIENTE,Callao,26/05/2024,11498.77
191-10197-23,C0197,CTA AHORROS DOLARES,Lince,10/08/2023,6644.61
191-10198-93,C0198,CTA AHORROS SOLES,Cajamarca,21/11/2010,6615.18
191-10199-91,C0199,CTA CORRIENTE,San Isidro,07/04/2010,10494.67
191-10200-25,C0200,CTA CORRIENTE,Miraflores,16/11/2021,8571.22
191-10201-11,C0201,CTA AHORROS SOLES,Miraflores,01/12/2018,10758.04
191-10202-91,C0202,CTA AHORROS SOLES,La Molina,10/10/2022,8654.45
191-10203-77,C0203,CTA AHORROS SOLES,Miraflores,03/04/2014,8350.99
191-10204-39,C0204,CTA CORRIENTE,Lince,04/07/2017,13305.83
191-10205-73,C0205,CTA AHORROS SOLES,Surco,14/04/2021,4455.18
191-10206-77,C0206,CTA AHORROS SOLES,Lince,30/06/2021,1434.02
191-10207-27,C0207,CTA AHORROS DOLARES,Cajamarca,18/04/2011,8872.56
191-10208-83,C0208,CTA AHORROS SOLES,San Isidro,13/11/2021,3454.26
191-10209-14,C0209,CTA AHORROS SOLES,Miraflores,04/06/2024,9040.07
191-10210-69,C0210,CTA CORRIENTE,La Molina,18/09/2022,1179.3
191-10211-22,C0211,CTA AHORROS SOLES,Miraflores,19/01/2018,4946.54
191-10212-74,C0212,CTA AHORROS DOLARES,San Isidro,11/03/2020,2354.4
191-10213-58,C0213,CTA AHORROS SOLES,Callao,24/08/2012,5998.85
191-10214-42,C0214,CTA AHORROS DOLARES,Callao,29/01/2014,14186.43
191-10215-12,C0215,CTA CORRIENTE,Lince,08/12/2012,1774.01
191-10216-99,C0216,CTA AHORROS DOLARES,La Molina,29/11/2018,14736.11
191-10217-21,C0217,CTA AHORROS DOLARES,San Isidro,09/09/2014,11735.67
191-10218-76,C0218,CTA CORRIENTE,Lince,13/04/2024,13228.75
191-10219-53,C0219,CTA AHORROS SOLES,Lince,15/04/2016,4393.44
191-10220-58,C0220,CTA AHORROS SOLES,Callao,28/07/2021,823.24
191-10221-43,C0221,CTA AHORROS SOLES,Cajamarca,30/05/2012,7510.11
191-10222-58,C0222,CTA AHORROS SOLES,Lince,02/09/2023,2049.9
191-10223-45,C0223,CTA AHORROS SOLES,La Molina,10/06/2012,12374.99
191-10224-98,C0224,CTA AHORROS SOLES,Cajamarca,25/12/2018,6704.19
191-10225-83,C0225,CTA AHORROS SOLES,Cajamarca,30/05/2021,4348.1
191-10226-62,C0226,CTA CORRIENTE,Miraflores,30/04/2017,8487.34
191-10227-70,C0227,CTA CORRIENTE,Lince,25/08/2010,8324.35
191-10228-38,C0228,CTA CORRIENTE,San Isidro,21/03/2011,5659.46
191-10229-45,C0229,CTA CORRIENTE,Surco,02/09/2020,3569.43
191-10230-96,C0230,CTA AHORROS SOLES,La Molina,04/12/2010,12309.13
191-10231-78,C0231,CTA AHORROS DOLARES,Surco,03/11/2022,14844.86
191-10232-56,C0232,CTA AHORROS SOLES,San Isidro,23/01/2017,14687.07
191-10233-46,C0233,CTA AHORROS DOLARES,Surco,26/08/2023,12108.6
191-10234-62,C0234,CTA CORRIENTE,Callao,29/04/2011,1981.71
191-10235-72,C0235,CTA AHORROS SOLES,Cajamarca,23/10/2023,9087.84
191-10236-85,C0236,CTA AHORROS DOLARES,Cajamarca,26/06/2013,14101.63
191-10237-65,C0237,CTA AHORROS SOLES,Surco,21/10/2014,9414.59
191-10238-31,C0238,CTA AHORROS SOLES,San Isidro,10/04/2023,8074.05
191-10239-16,C0239,CTA CORRIENTE,Surco,17/03/2018,14694.98
191-10240-51,C0240,CTA AHORROS DOLARES,La Molina,10/07/2018,12939.76
191-10241-41,C0241,CTA CORRIENTE,La Molina,02/10/2018,3266.64
191-10242-57,C0242,CTA AHORROS SOLES,Cajamarca,15/07/2019,13147.69
191-10243-69,C0243,CTA AHORROS SOLES,Cajamarca,22/07/2013,10540.97
191-10244-53,C0244,CTA CORRIENTE,Miraflores,25/04/2012,11048.87
191-10245-85,C0245,CTA AHORROS SOLES,Surco,06/08/2020,7219.63
191-10246-24,C0246,CTA AHORROS DOLARES,Callao,12/08/2015,1279.62
191-10247-88,C0247,CTA AHORROS SOLES,Miraflores,14/06/2021,5715.12
191-10248-34,C0248,CTA AHORROS SOLES,San Isidro,31/07/2017,9031.76
191-10249-98,C0249,CTA AHORROS SOLES,La Molina,23/04/2020,6660.83
191-10250-51,C0250,CTA CORRIENTE,Callao,14/06/2023,3992.78
191-10251-79,C0251,CTA AHORROS SOLES,Callao,23/05/2021,10784.19
191-10252-43,C0252,CTA AHORROS SOLES,La Molina,14/02/2015,3659.96
191-10253-77,C0253,CTA CORRIENTE,Surco,17/10/2019,1145.49
191-10254-93,C0254,CTA AHORROS SOLES,Cajamarca,27/09/2014,7462.83
191-10255-17,C0255,CTA CORRIENTE,Miraflores,20/03/2010,2401.88
191-10256-26,C0256,CTA CORRIENTE,Miraflores,22/12/2023,4285.72
191-10257-56,C0257,CTA AHORROS SOLES,La Molina,16/02/2011,14111.44
191-10258-88,C0258,CTA AHORROS DOLARES,Surco,18/03/2015,2975.0
191-10259-29,C0259,CTA AHORROS DOLARES,San Isidro,22/09/2015,11616.33
191-10260-24,C0260,CTA AHORROS DOLARES,Surco,26/09/2018,1004.04
191-10261-67,C0261,CTA CORRIENTE,San Isidro,05/02/2019,7936.02
191-10262-36,C0262,CTA AHORROS SOLES,Callao,03/12/2021,3494.11
191-10263-97,C0263,CTA CORRIENTE,La Molina,25/12/2021,11019.4
191-10264-46,C0264,CTA AHORROS SOLES,Callao,25/07/2013,10110.39
191-10265-58,C0265,CTA CORRIENTE,La Molina,02/11/2011,13023.52
191-10266-68,C0266,CTA AHORROS SOLES,Surco,09/06/2012,3667.83
191-10267-29,C0267,CTA CORRIENTE,Callao,18/04/2024,8749.38
191-10268-86,C0268,CTA AHORROS SOLES,Miraflores,22/04/2022,8536.99
191-10269-95,C0269,CTA AHORROS SOLES,Surco,26/12/2020,2899.09
191-10270-66,C0270,CTA AHORROS DOLARES,Miraflores,07/05/2022,4891.01
191-10271-10,C0271,CTA AHORROS SOLES,Lince,29/01/2012,13672.05
191-10272-44,C0272,CTA AHORROS DOLARES,La Molina,02/11/2011,5187.19
191-10273-13,C0273,CTA CORRIENTE,Surco,09/07/2016,10430.33
191-10274-20,C0274,CTA AHORROS SOLES,Surco,16/01/2014,13170.36
191-10275-91,C0275,CTA CORRIENTE,Miraflores,06/07/2021,13636.22
191-10276-12,C0276,CTA AHORROS DOLARES,Lince,01/10/2012,6157.76
191-10277-58,C0277,CTA CORRIENTE,La Molina,25/10/2021,13931.56
191-10278-65,C0278,CTA AHORROS SOLES,La Molina,02/12/2014,13141.31
191-10279-66,C0279,CTA CORRIENTE,La Molina,31/03/2014,3532.01
191-10280-71,C0280,CTA AHORROS DOLARES,Miraflores,25/01/2020,9571.15
191-10281-97,C0281,CTA AHORROS DOLARES,San Isidro,27/09/2011,6586.05
191-10282-79,C0282,CTA AHORROS SOLES,Lince,13/02/2017,3619.49
191-10283-58,C0283,CTA AHORROS DOLARES,La Molina,04/09/2022,2568.16
191-10284-33,C0284,CTA AHORROS DOLARES,Callao,15/11/2021,1353.2
191-10285-56,C0285,CTA AHORROS SOLES,La Molina,19/05/2024,5851.29
191-10286-69,C0286,CTA AHORROS SOLES,Surco,01/10/2017,12338.74
191-10287-22,C0287,CTA AHORROS SOLES,Miraflores,03/12/2012,542.08
191-10288-82,C0288,CTA AHORROS DOLARES,Miraflores,03/09/2019,2527.66
191-10289-69,C0289,CTA AHORROS SOLES,Cajamarca,21/07/2019,8134.63
191-10290-35,C0290,CTA AHORROS SOLES,Lince,28/05/2014,14966.51
191-10291-75,C0291,CTA AHORROS SOLES,Lince,17/04/2019,1868.64
191-10292-29,C0292,CTA AHORROS DOLARES,Surco,02/10/2017,2521.96
191-10293-78,C0293,CTA AHORROS SOLES,Callao,15/05/2019,12626.2
191-10294-83,C0294,CTA AHORROS SOLES,Miraflores,14/08/2017,2912.74
191-10295-91,C0295,CTA AHORROS DOLARES,Surco,21/03/2019,14926.72
191-10296-34,C0296,CTA AHORROS SOLES,Cajamarca,08/03/2015,3113.95
191-10297-79,C0297,CTA AHORROS SOLES,Surco,24/07/2013,2988.19
191-10298-10,C0298,CTA AHORROS DOLARES,San Isidro,13/02/2014,8743.9
191-10299-91,C0299,CTA AHORROS SOLES,San Isidro,17/03/2024,8438.87
191-10300-62,C0300,CTA CORRIENTE,Cajamarca,07/12/2010,4952.53
191-10301-56,C0301,CTA CORRIENTE,San Isidro,23/10/2015,6488.0
191-10302-67,C0302,CTA AHORROS SOLES,Miraflores,24/05/2018,10748.55
191-10303-72,C0303,CTA CORRIENTE,Miraflores,14/12/2024,13648.18
191-10304-93,C0304,CTA AHORROS SOLES,Cajamarca,09/05/2014,10075.78
191-10305-68,C0305,CTA AHORROS SOLES,Surco,03/03/2023,914.28
191-10306-90,C0306,CTA AHORROS DOLARES,Surco,13/09/2022,5420.33
191-10307-12,C0307,CTA CORRIENTE,Lince,06/07/2012,10322.7
191-10308-35,C0308,CTA AHORROS SOLES,Cajamarca,06/02/2019,10299.34
191-10309-79,C0309,CTA AHORROS SOLES,Surco,23/08/2022,514.04
191-10310-19,C0310,CTA AHORROS SOLES,Lince,30/12/2011,10835.42
191-10311-61,C0311,CTA AHORROS SOLES,Miraflores,08/07/2021,8821.78
191-10312-16,C0312,CTA CORRIENTE,San Isidro,27/08/2017,13021.52
191-10313-62,C0313,CTA AHORROS SOLES,Surco,22/05/2012,10832.88
191-10314-49,C0314,CTA AHORROS SOLES,San Isidro,27/10/2017,4867.75
191-10315-58,C0315,CTA CORRIENTE,La Molina,08/11/2018,6464.53
191-10316-57,C0316,CTA AHORROS SOLES,Miraflores,06/01/2017,4181.87
191-10317-91,C0317,CTA CORRIENTE,Lince,26/02/2023,6519.57
191-10318-44,C0318,CTA AHORROS SOLES,San Isidro,27/02/2012,1156.66
191-10319-63,C0319,CTA AHORROS DOLARES,Cajamarca,16/10/2022,13294.26
191-10320-73,C0320,CTA CORRIENTE,Surco,19/07/2024,13339.77
191-10321-60,C0321,CTA AHORROS SOLES,Surco,30/12/2011,2521.8
191-10322-31,C0322,CTA AHORROS SOLES,Surco,13/07/2023,3268.9
191-10323-28,C0323,CTA AHORROS SOLES,La Molina,05/11/2015,4413.99
191-10324-62,C0324,CTA AHORROS DOLARES,La Molina,30/07/2010,12386.01
191-10325-12,C0325,CTA CORRIENTE,La Molina,11/03/2021,13528.59
191-10326-13,C0326,CTA AHORROS SOLES,Cajamarca,18/06/2020,1609.02
191-10327-36,C0327,CTA AHORROS SOLES,Surco,04/03/2019,7452.24
191-10328-75,C0328,CTA AHORROS SOLES,Callao,17/02/2022,5345.47
191-10329-23,C0329,CTA AHORROS SOLES,Callao,13/10/2015,13724.55
191-10330-78,C0330,CTA AHORROS SOLES,Surco,20/05/2014,11657.2
191-10331-22,C0331,CTA AHORROS SOLES,Callao,26/11/2015,5296.25
191-10332-83,C0332,CTA AHORROS SOLES,La Molina,11/05/2022,10569.75
191-10333-43,C0333,CTA AHORROS SOLES,Lince,08/01/2023,2480.49
191-10334-32,C0334,CTA CORRIENTE,Miraflores,11/06/2020,13716.57
191-10335-23,C0335,CTA AHORROS DOLARES,Miraflores,04/08/2022,9701.02
191-10336-62,C0336,CTA AHORROS SOLES,La Molina,24/08/2010,13928.75
191-10337-64,C0337,CTA AHORROS DOLARES,Callao,27/01/2010,10967.38
191-10338-68,C0338,CTA AHORROS SOLES,Cajamarca,22/11/2017,14543.51
191-10339-46,C0339,CTA AHORROS DOLARES,Callao,11/09/2022,11481.94
191-10340-88,C0340,CTA AHORROS DOLARES,Callao,06/04/2019,1800.19
191-10341-98,C0341,CTA AHORROS DOLARES,Callao,21/10/2010,11922.94
191-10342-18,C0342,CTA AHORROS DOLARES,Surco,21/05/2010,8979.7
191-10343-40,C0343,CTA CORRIENTE,Miraflores,23/05/2019,12390.99
191-10344-13,C0344,CTA AHORROS DOLARES,Callao,20/05/2015,7033.44
191-10345-60,C0345,CTA CORRIENTE,San Isidro,13/11/2023,4542.52
191-10346-47,C0346,CTA AHORROS SOLES,San Isidro,02/09/2011,10726.7
191-10347-63,C0347,CTA AHORROS DOLARES,Cajamarca,02/12/2014,10809.65
191-10348-75,C0348,CTA CORRIENTE,Callao,14/07/2018,12028.8
191-10349-55,C0349,CTA AHORROS SOLES,Lince,13/02/2011,5293.87
191-10350-45,C0350,CTA AHORROS DOLARES,Lince,06/07/2024,9821.15
191-10351-93,C0351,CTA AHORROS SOLES,Cajamarca,07/03/2019,6787.39
191-10352-93,C0352,CTA AHORROS SOLES,Cajamarca,13/09/2012,12268.55
191-10353-83,C0353,CTA AHORROS SOLES,Lince,05/01/2023,8984.15
191-10354-71,C0354,CTA AHORROS SOLES,Miraflores,21/03/2016,3526.8
191-10355-74,C0355,CTA AHORROS DOLARES,La Molina,01/03/2016,13545.47
191-10356-60,C0356,CTA AHORROS DOLARES,Cajamarca,28/03/2018,12524.64
191-10357-20,C0357,CTA CORRIENTE,San Isidro,06/10/2016,741.44
191-10358-61,C0358,CTA AHORROS SOLES,Miraflores,01/07/2024,5086.83
191-10359-24,C0359,CTA CORRIENTE,La Molina,19/02/2022,4806.88
191-10360-92,C0360,CTA AHORROS SOLES,Lince,06/03/2015,7406.71
191-10361-10,C0361,CTA AHORROS DOLARES,Surco,14/06/2021,8537.36
191-10362-16,C0362,CTA AHORROS DOLARES,Lince,30/08/2013,2921.21
191-10363-10,C0363,CTA AHORROS SOLES,Cajamarca,01/02/2011,10947.14
191-10364-42,C0364,CTA AHORROS SOLES,La Molina,11/06/2015,9906.32
191-10365-87,C0365,CTA AHORROS SOLES,Miraflores,23/01/2020,8628.84
191-10366-44,C0366,CTA AHORROS DOLARES,Lince,08/07/2023,7178.8
191-10367-39,C0367,CTA AHORROS SOLES,Lince,15/06/2018,4052.78
191-10368-95,C0368,CTA CORRIENTE,Miraflores,07/06/2018,9775.61
191-10369-21,C0369,CTA AHORROS SOLES,Lince,06/02/2019,6863.62
191-10370-24,C0370,CTA CORRIENTE,San Isidro,08/02/2022,13837.27
191-10371-63,C0371,CTA AHORROS DOLARES,San Isidro,14/03/2010,6971.41
191-10372-95,C0372,CTA CORRIENTE,Cajamarca,20/03/2020,11797.69
191-10373-41,C0373,CTA AHORROS SOLES,San Isidro,28/10/2011,11175.47
191-10374-93,C0374,CTA AHORROS DOLARES,Miraflores,04/08/2018,2423.93
191-10375-33,C0375,CTA AHORROS SOLES,La Molina,29/05/2010,3386.05
191-10376-43,C0376,CTA CORRIENTE,San Isidro,27/10/2017,2823.04
191-10377-89,C0377,CTA AHORROS SOLES,Callao,09/01/2024,10448.39
191-10378-14,C0378,CTA CORRIENTE,San Isidro,26/11/2023,7687.48
191-10379-34,C0379,CTA AHORROS DOLARES,San Isidro,25/11/2020,8586.72
191-10380-16,C0380,CTA AHORROS DOLARES,Callao,30/04/2024,11491.42
191-10381-30,C0381,CTA AHORROS SOLES,Lince,28/05/2021,7196.88
191-10382-74,C0382,CTA AHORROS SOLES,San Isidro,22/06/2019,6190.58
191-10383-22,C0383,CTA AHORROS DOLARES,San Isidro,06/01/2015,3522.99
191-10384-61,C0384,CTA CORRIENTE,San Isidro,26/01/2018,10130.8
191-10385-10,C0385,CTA AHORROS SOLES,Miraflores,16/04/2020,10181.77
191-10386-96,C0386,CTA AHORROS DOLARES,San Isidro,23/02/2017,12688.94
191-10387-29,C0387,CTA AHORROS SOLES,Miraflores,20/02/2010,7828.01
191-10388-18,C0388,CTA AHORROS DOLARES,Cajamarca,01/06/2013,13309.23
191-10389-94,C0389,CTA AHORROS SOLES,Surco,09/02/2015,10691.03
191-10390-59,C0390,CTA CORRIENTE,Cajamarca,13/03/2011,4583.54
191-10391-28,C0391,CTA AHORROS DOLARES,La Molina,25/06/2011,4793.7
191-10392-16,C0392,CTA CORRIENTE,Miraflores,17/01/2014,6024.76
191-10393-84,C0393,CTA CORRIENTE,Surco,22/09/2021,9630.1
191-10394-62,C0394,CTA CORRIENTE,La Molina,13/01/2016,3171.67
191-10395-36,C0395,CTA CORRIENTE,Miraflores,04/03/2016,10449.67
191-10396-12,C0396,CTA AHORROS SOLES,Lince,07/03/2016,13270.16
191-10397-15,C0397,CTA AHORROS SOLES,Lince,17/10/2017,11227.54
191-10398-17,C0398,CTA AHORROS SOLES,Lince,11/06/2016,1815.4
191-10399-93,C0399,CTA AHORROS DOLARES,Lince,13/01/2023,2256.63
191-10400-23,C0400,CTA AHORROS DOLARES,Callao,30/01/2015,8115.67
191-10401-65,C0401,CTA AHORROS SOLES,San Isidro,30/09/2017,5019.62
191-10402-50,C0402,CTA AHORROS SOLES,Callao,25/06/2015,12355.68
191-10403-83,C0403,CTA AHORROS DOLARES,Surco,12/10/2018,1901.5
191-10404-13,C0404,CTA AHORROS SOLES,Lince,27/01/2018,10905.51
191-10405-97,C0405,CTA CORRIENTE,Callao,05/11/2018,9970.65
191-10406-98,C0406,CTA AHORROS SOLES,La Molina,26/12/2022,7677.21
191-10407-66,C0407,CTA AHORROS SOLES,La Molina,13/10/2011,9535.95
191-10408-68,C0408,CTA AHORROS SOLES,La Molina,14/06/2023,14600.85
191-10409-29,C0409,CTA AHORROS SOLES,Callao,30/11/2022,11313.86
191-10410-92,C0410,CTA AHORROS DOLARES,Lince,19/12/2011,12430.01
191-10411-80,C0411,CTA CORRIENTE,Miraflores,28/03/2021,12527.64
191-10412-13,C0412,CTA CORRIENTE,Miraflores,12/10/2014,5116.88
191-10413-14,C0413,CTA AHORROS DOLARES,Lince,13/01/2022,6437.47
191-10414-58,C0414,CTA AHORROS SOLES,Lince,11/05/2022,8595.38
191-10415-22,C0415,CTA CORRIENTE,San Isidro,26/12/2013,13210.81
191-10416-76,C0416,CTA CORRIENTE,Surco,18/03/2015,4140.67
191-10417-45,C0417,CTA AHORROS SOLES,Surco,23/06/2023,9314.42
191-10418-98,C0418,CTA CORRIENTE,Miraflores,15/07/2010,6622.69
191-10419-21,C0419,CTA AHORROS DOLARES,San Isidro,06/05/2018,11505.19
191-10420-54,C0420,CTA AHORROS DOLARES,Lince,10/01/2012,1942.43
191-10421-46,C0421,CTA CORRIENTE,Miraflores,17/01/2024,5635.97
191-10422-97,C0422,CTA CORRIENTE,Cajamarca,09/04/2023,5683.32
191-10423-85,C0423,CTA AHORROS SOLES,Surco,25/11/2024,3157.6
191-10424-93,C0424,CTA CORRIENTE,Callao,04/09/2016,8999.02
191-10425-17,C0425,CTA AHORROS SOLES,Miraflores,18/11/2018,5500.34
191-10426-30,C0426,CTA AHORROS SOLES,Lince,21/06/2022,8462.65
191-10427-52,C0427,CTA AHORROS DOLARES,Cajamarca,16/02/2019,12652.02
191-10428-61,C0428,CTA AHORROS SOLES,Lince,29/03/2021,7167.66
191-10429-56,C0429,CTA AHORROS SOLES,Cajamarca,20/07/2015,12156.75
191-10430-86,C0430,CTA AHORROS DOLARES,Surco,11/11/2018,13016.33
191-10431-44,C0431,CTA AHORROS SOLES,Callao,15/09/2014,14916.99
191-10432-63,C0432,CTA AHORROS DOLARES,San Isidro,26/11/2014,10639.31
191-10433-30,C0433,CTA AHORROS SOLES,La Molina,15/10/2024,12842.42
191-10434-67,C0434,CTA AHORROS SOLES,Surco,07/05/2022,8008.22
191-10435-21,C0435,CTA AHORROS SOLES,La Molina,08/08/2019,8687.42
191-10436-76,C0436,CTA AHORROS SOLES,Lince,17/10/2016,14509.36
191-10437-47,C0437,CTA AHORROS DOLARES,Cajamarca,07/02/2017,14594.92
191-10438-60,C0438,CTA AHORROS SOLES,Callao,27/07/2016,3679.66
191-10439-30,C0439,CTA CORRIENTE,Callao,20/03/2012,4657.69
191-10440-93,C0440,CTA AHORROS SOLES,Surco,17/03/2019,13029.67
191-10441-68,C0441,CTA AHORROS SOLES,Surco,08/02/2015,10081.28
191-10442-84,C0442,CTA CORRIENTE,Miraflores,08/10/2012,5707.72
191-10443-32,C0443,CTA AHORROS SOLES,Callao,22/06/2018,8563.19
191-10444-46,C0444,CTA AHORROS DOLARES,Cajamarca,15/01/2018,12860.29
191-10445-71,C0445,CTA AHORROS DOLARES,La Molina,15/10/2024,2989.21
191-10446-67,C0446,CTA AHORROS SOLES,San Isidro,19/04/2018,11653.33
191-10447-75,C0447,CTA CORRIENTE,Callao,22/11/2010,9752.68
191-10448-25,C0448,CTA CORRIENTE,La Molina,28/11/2011,12995.05
191-10449-29,C0449,CTA AHORROS SOLES,Callao,16/08/2016,10674.1
191-10450-80,C0450,CTA AHORROS SOLES,La Molina,07/04/2022,6186.04
191-10451-92,C0451,CTA AHORROS DOLARES,La Molina,13/09/2012,7489.07
191-10452-79,C0452,CTA CORRIENTE,Cajamarca,09/10/2014,4682.11
191-10453-67,C0453,CTA AHORROS SOLES,Cajamarca,04/03/2015,10026.82
191-10454-56,C0454,CTA AHORROS SOLES,Cajamarca,09/03/2016,10163.17
191-10455-18,C0455,CTA AHORROS DOLARES,Miraflores,29/05/2010,7629.51
191-10456-66,C0456,CTA AHORROS SOLES,Lince,31/12/2023,9139.9
191-10457-72,C0457,CTA CORRIENTE,San Isidro,02/10/2014,1287.18
191-10458-70,C0458,CTA AHORROS DOLARES,Miraflores,24/12/2018,5707.79
191-10459-23,C0459,CTA CORRIENTE,Cajamarca,30/08/2024,10546.95
191-10460-99,C0460,CTA AHORROS SOLES,Miraflores,09/12/2014,11663.87
191-10461-37,C0461,CTA AHORROS DOLARES,Surco,03/08/2015,1817.07
191-10462-86,C0462,CTA AHORROS SOLES,San Isidro,18/01/2010,8168.55
191-10463-51,C0463,CTA AHORROS SOLES,Callao,01/02/2014,3275.56
191-10464-10,C0464,CTA CORRIENTE,Lince,12/08/2016,7106.57
191-10465-95,C0465,CTA AHORROS DOLARES,Surco,19/05/2012,2510.33
191-10466-68,C0466,CTA CORRIENTE,Lince,13/01/2017,6956.25
191-10467-13,C0467,CTA CORRIENTE,San Isidro,19/07/2012,10928.14
191-10468-76,C0468,CTA AHORROS DOLARES,Lince,09/07/2014,11004.92
191-10469-16,C0469,CTA AHORROS DOLARES,San Isidro,28/06/2021,7623.29
191-10470-63,C0470,CTA AHORROS SOLES,Miraflores,21/03/2017,8566.45
191-10471-22,C0471,CTA AHORROS DOLARES,Miraflores,20/12/2017,6258.29
191-10472-57,C0472,CTA CORRIENTE,Miraflores,30/01/2016,7464.94
191-10473-27,C0473,CTA AHORROS SOLES,Miraflores,04/03/2010,2654.96
191-10474-42,C0474,CTA AHORROS DOLARES,Miraflores,05/04/2015,6877.8
191-10475-93,C0475,CTA CORRIENTE,Cajamarca,03/02/2010,13376.18
191-10476-34,C0476,CTA CORRIENTE,Callao,30/12/2017,11727.44
191-10477-63,C0477,CTA AHORROS DOLARES,Lince,29/07/2019,667.89
191-10478-67,C0478,CTA AHORROS DOLARES,Surco,15/05/2018,1865.04
191-10479-16,C0479,CTA CORRIENTE,Cajamarca,30/06/2012,14296.14
191-10480-91,C0480,CTA AHORROS SOLES,La Molina,15/07/2014,1703.24
191-10481-83,C0481,CTA AHORROS SOLES,La Molina,23/08/2024,5445.66
191-10482-32,C0482,CTA AHORROS SOLES,San Isidro,18/04/2010,3506.5
191-10483-85,C0483,CTA AHORROS SOLES,Miraflores,17/03/2016,10786.52
191-10484-65,C0484,CTA CORRIENTE,Cajamarca,30/10/2020,6442.09
191-10485-23,C0485,CTA AHORROS DOLARES,Miraflores,08/03/2020,2090.8
191-10486-77,C0486,CTA AHORROS DOLARES,Callao,22/11/2015,11229.94
191-10487-34,C0487,CTA AHORROS SOLES,Lince,23/08/2018,4869.72
191-10488-45,C0488,CTA AHORROS SOLES,Callao,09/10/2022,7952.64
191-10489-68,C0489,CTA CORRIENTE,Surco,17/09/2020,9541.27
191-10490-41,C0490,CTA CORRIENTE,La Molina,05/12/2024,4772.21
191-10491-37,C0491,CTA CORRIENTE,Cajamarca,11/10/2018,5007.54
191-10492-16,C0492,CTA AHORROS SOLES,Lince,31/12/2014,4733.87
191-10493-76,C0493,CTA CORRIENTE,Lince,25/05/2010,2219.4
191-10494-10,C0494,CTA CORRIENTE,Callao,24/09/2017,2209.1
191-10495-98,C0495,CTA AHORROS SOLES,Callao,26/08/2019,9705.36
191-10496-22,C0496,CTA AHORROS SOLES,Lince,04/01/2010,11371.81
191-10497-12,C0497,CTA AHORROS SOLES,Lince,07/05/2023,5973.68
191-10498-20,C0498,CTA CORRIENTE,Surco,25/10/2019,8847.85
191-10499-17,C0499,CTA AHORROS DOLARES,San Isidro,06/04/2017,11899.88
191-10500-61,C0500,CTA AHORROS SOLES,Surco,21/08/2015,3792.93
191-10501-74,C0501,CTA AHORROS DOLARES,Lince,08/06/2023,2497.09
191-10502-22,C0502,CTA CORRIENTE,Miraflores,25/01/2020,2334.88
191-10503-32,C0503,CTA CORRIENTE,San Isidro,21/11/2017,8057.07
191-10504-48,C0504,CTA AHORROS SOLES,La Molina,10/03/2010,3482.29
191-10505-60,C0505,CTA AHORROS DOLARES,San Isidro,15/08/2024,4081.81
191-10506-18,C0506,CTA AHORROS SOLES,Surco,27/12/2010,1515.28
191-10507-87,C0507,CTA AHORROS SOLES,Surco,24/02/2024,12096.68
191-10508-79,C0508,CTA AHORROS SOLES,Callao,22/07/2013,2770.08
191-10509-36,C0509,CTA AHORROS SOLES,Callao,05/12/2015,1823.89
191-10510-56,C0510,CTA AHORROS SOLES,San Isidro,01/11/2013,5137.78
191-10511-79,C0511,CTA AHORROS SOLES,San Isidro,26/05/2011,3565.46
191-10512-33,C0512,CTA CORRIENTE,Cajamarca,02/12/2015,5631.99
191-10513-17,C0513,CTA CORRIENTE,Miraflores,20/06/2018,5490.35
191-10514-43,C0514,CTA AHORROS SOLES,Miraflores,28/02/2013,4309.59
191-10515-82,C0515,CTA AHORROS SOLES,San Isidro,14/11/2019,12950.89
191-10516-29,C0516,CTA AHORROS SOLES,Surco,13/03/2022,8971.58
191-10517-58,C0517,CTA AHORROS SOLES,Callao,14/04/2022,13960.45
191-10518-89,C0518,CTA AHORROS SOLES,Cajamarca,29/01/2018,10554.47
191-10519-91,C0519,CTA AHORROS SOLES,Cajamarca,05/09/2015,1066.87
191-10520-42,C0520,CTA AHORROS SOLES,Lince,14/09/2023,10299.25
191-10521-41,C0521,CTA AHORROS DOLARES,Cajamarca,19/02/2011,1587.8
191-10522-22,C0522,CTA AHORROS SOLES,Miraflores,28/11/2012,2104.92
191-10523-90,C0523,CTA AHORROS SOLES,Miraflores,22/05/2017,2341.94
191-10524-58,C0524,CTA CORRIENTE,Surco,09/01/2013,11159.47
191-10525-68,C0525,CTA AHORROS DOLARES,San Isidro,27/03/2013,8298.53
191-10526-28,C0526,CTA CORRIENTE,Lince,14/07/2015,7705.54
191-10527-22,C0527,CTA CORRIENTE,San Isidro,12/04/2013,13908.1
191-10528-64,C0528,CTA AHORROS DOLARES,Cajamarca,03/05/2011,5149.81
191-10529-59,C0529,CTA AHORROS SOLES,Cajamarca,27/01/2022,5769.05
191-10530-97,C0530,CTA AHORROS DOLARES,Surco,10/07/2022,4872.81
191-10531-43,C0531,CTA AHORROS SOLES,Surco,25/03/2022,13346.25
191-10532-17,C0532,CTA AHORROS SOLES,La Molina,12/09/2016,12449.98
191-10533-80,C0533,CTA AHORROS DOLARES,Callao,23/04/2017,6506.89
191-10534-65,C0534,CTA AHORROS DOLARES,Miraflores,12/02/2024,4187.4
191-10535-54,C0535,CTA AHORROS SOLES,Callao,12/10/2020,6892.56
191-10536-25,C0536,CTA AHORROS SOLES,La Molina,14/10/2021,1894.05
191-10537-26,C0537,CTA AHORROS DOLARES,Callao,28/12/2022,11132.32
191-10538-19,C0538,CTA CORRIENTE,Surco,13/06/2018,7445.56
191-10539-92,C0539,CTA AHORROS SOLES,Cajamarca,18/01/2010,1531.64
191-10540-21,C0540,CTA AHORROS SOLES,Cajamarca,06/06/2011,3697.36
191-10541-16,C0541,CTA AHORROS SOLES,Cajamarca,17/11/2014,12199.4
191-10542-47,C0542,CTA AHORROS DOLARES,Cajamarca,23/08/2019,14793.64
191-10543-53,C0543,CTA CORRIENTE,Lince,31/07/2013,1899.82
191-10544-48,C0544,CTA AHORROS DOLARES,San Isidro,24/08/2012,655.9
191-10545-98,C0545,CTA AHORROS SOLES,Lince,05/11/2016,589.35
191-10546-25,C0546,CTA AHORROS SOLES,Lince,03/10/2024,14820.0
191-10547-73,C0547,CTA AHORROS SOLES,Callao,20/01/2011,8752.67
191-10548-91,C0548,CTA CORRIENTE,Miraflores,04/06/2021,13959.08
191-10549-24,C0549,CTA AHORROS SOLES,Lince,08/08/2013,10146.12
191-10550-22,C0550,CTA AHORROS SOLES,Miraflores,15/10/2016,3605.14
191-10551-39,C0551,CTA AHORROS SOLES,Cajamarca,11/04/2013,13570.24
191-10552-38,C0552,CTA AHORROS SOLES,Callao,24/08/2020,2116.25
191-10553-90,C0553,CTA AHORROS SOLES,Cajamarca,02/05/2023,7392.8
191-10554-58,C0554,CTA AHORROS SOLES,Cajamarca,04/12/2014,3677.92
191-10555-21,C0555,CTA AHORROS SOLES,La Molina,27/05/2024,2867.11
191-10556-93,C0556,CTA AHORROS DOLARES,Lince,21/02/2010,11115.3
191-10557-98,C0557,CTA AHORROS DOLARES,Callao,28/11/2015,1317.99
191-10558-55,C0558,CTA AHORROS SOLES,Cajamarca,20/02/2011,2652.4
191-10559-71,C0559,CTA CORRIENTE,Surco,09/04/2021,13938.1
191-10560-95,C0560,CTA AHORROS SOLES,Surco,06/10/2013,2872.69
191-10561-61,C0561,CTA CORRIENTE,San Isidro,17/09/2020,2833.25
191-10562-13,C0562,CTA AHORROS SOLES,Callao,31/10/2012,14864.03
191-10563-51,C0563,CTA AHORROS SOLES,Callao,29/10/2013,3736.84
191-10564-95,C0564,CTA AHORROS SOLES,Lince,09/01/2021,1406.73
191-10565-20,C0565,CTA CORRIENTE,La Molina,07/03/2012,13176.46
191-10566-11,C0566,CTA AHORROS SOLES,Callao,10/05/2018,1474.57
191-10567-51,C0567,CTA AHORROS SOLES,Surco,28/01/2013,14072.72
191-10568-43,C0568,CTA AHORROS SOLES,Callao,23/02/2013,9854.92
191-10569-32,C0569,CTA AHORROS SOLES,Lince,03/09/2012,5172.71
191-10570-53,C0570,CTA AHORROS SOLES,San Isidro,01/02/2012,2215.08
191-10571-59,C0571,CTA CORRIENTE,Miraflores,12/10/2014,6245.63
191-10572-28,C0572,CTA CORRIENTE,Callao,23/04/2015,2518.48
191-10573-58,C0573,CTA AHORROS SOLES,San Isidro,29/05/2023,8983.49
191-10574-88,C0574,CTA CORRIENTE,Surco,24/08/2020,12541.41
191-10575-37,C0575,CTA AHORROS SOLES,Surco,06/09/2018,4493.35
191-10576-15,C0576,CTA AHORROS SOLES,Surco,09/12/2022,1763.99
191-10577-20,C0577,CTA AHORROS SOLES,San Isidro,18/01/2024,5122.54
191-10578-14,C0578,CTA AHORROS SOLES,Surco,19/10/2016,9496.61
191-10579-21,C0579,CTA AHORROS SOLES,Callao,29/01/2013,3771.69
191-10580-58,C0580,CTA AHORROS SOLES,La Molina,10/11/2022,3306.75
191-10581-86,C0581,CTA AHORROS SOLES,Surco,29/05/2015,1111.93
191-10582-28,C0582,CTA AHORROS SOLES,Callao,30/12/2020,8308.78
191-10583-32,C0583,CTA AHORROS SOLES,Miraflores,22/10/2018,5953.25
191-10584-13,C0584,CTA AHORROS SOLES,Miraflores,27/07/2024,5184.2
191-10585-96,C0585,CTA AHORROS DOLARES,Miraflores,04/01/2021,5858.13
191-10586-30,C0586,CTA AHORROS SOLES,Lince,20/07/2012,13052.96
191-10587-13,C0587,CTA AHORROS SOLES,Callao,28/07/2014,14673.28
191-10588-88,C0588,CTA AHORROS DOLARES,San Isidro,19/01/2022,13325.85
191-10589-47,C0589,CTA CORRIENTE,La Molina,03/05/2013,10709.52
191-10590-96,C0590,CTA AHORROS SOLES,Surco,27/05/2016,9025.37
191-10591-14,C0591,CTA AHORROS SOLES,San Isidro,25/11/2015,9034.0
191-10592-30,C0592,CTA AHORROS SOLES,Lince,18/10/2011,10510.09
191-10593-78,C0593,CTA AHORROS DOLARES,Surco,02/03/2022,11103.15
191-10594-63,C0594,CTA AHORROS SOLES,Miraflores,24/07/2021,4498.5
191-10595-35,C0595,CTA AHORROS DOLARES,Surco,11/08/2022,695.63
191-10596-55,C0596,CTA AHORROS SOLES,Cajamarca,05/11/2024,6977.33
191-10597-42,C0597,CTA AHORROS SOLES,Lince,19/03/2024,3964.17
191-10598-45,C0598,CTA AHORROS SOLES,San Isidro,10/05/2024,6284.2
191-10599-88,C0599,CTA AHORROS DOLARES,San Isidro,28/05/2013,6688.76
191-10600-43,C0600,CTA AHORROS SOLES,San Isidro,12/10/2021,12993.07
191-10601-81,C0601,CTA AHORROS DOLARES,Surco,03/06/2023,7834.16
191-10602-15,C0602,CTA AHORROS SOLES,Surco,29/10/2017,2469.95
191-10603-54,C0603,CTA AHORROS DOLARES,San Isidro,27/02/2021,9944.97
191-10604-50,C0604,CTA AHORROS SOLES,San Isidro,26/07/2023,3429.08
191-10605-39,C0605,CTA AHORROS SOLES,Lince,11/03/2024,6618.12
191-10606-52,C0606,CTA CORRIENTE,Cajamarca,24/10/2021,13281.14
191-10607-93,C0607,CTA CORRIENTE,Surco,13/07/2015,14313.52
191-10608-81,C0608,CTA CORRIENTE,Cajamarca,21/07/2021,3767.89
191-10609-65,C0609,CTA AHORROS SOLES,La Molina,29/11/2023,9499.47
191-10610-80,C0610,CTA AHORROS SOLES,Surco,26/07/2021,7075.43
191-10611-77,C0611,CTA CORRIENTE,Surco,26/04/2011,9254.46
191-10612-88,C0612,CTA AHORROS DOLARES,La Molina,20/09/2023,2359.47
191-10613-13,C0613,CTA AHORROS DOLARES,San Isidro,24/01/2020,4139.23
191-10614-17,C0614,CTA CORRIENTE,Cajamarca,14/12/2022,7657.47
191-10615-42,C0615,CTA AHORROS SOLES,Miraflores,17/06/2024,4783.34
191-10616-92,C0616,CTA AHORROS SOLES,Cajamarca,13/05/2012,4336.11
191-10617-98,C0617,CTA CORRIENTE,Callao,03/04/2023,7836.51
191-10618-23,C0618,CTA CORRIENTE,La Molina,04/06/2012,7992.07
191-10619-73,C0619,CTA AHORROS SOLES,La Molina,24/06/2013,6137.32
191-10620-13,C0620,CTA CORRIENTE,Lince,05/09/2016,6880.29
191-10621-75,C0621,CTA AHORROS SOLES,San Isidro,11/12/2019,5408.03
191-10622-91,C0622,CTA AHORROS DOLARES,Miraflores,01/05/2021,12139.17
191-10623-70,C0623,CTA AHORROS SOLES,Callao,06/09/2022,11788.97
191-10624-12,C0624,CTA CORRIENTE,San Isidro,25/10/2015,9498.5
191-10625-48,C0625,CTA AHORROS DOLARES,Lince,21/11/2019,14080.26
191-10626-57,C0626,CTA CORRIENTE,Callao,10/11/2010,8826.32
191-10627-94,C0627,CTA CORRIENTE,Surco,19/06/2015,9067.05
191-10628-22,C0628,CTA AHORROS DOLARES,Callao,03/12/2020,2728.4
191-10629-55,C0629,CTA AHORROS SOLES,Lince,28/02/2014,1576.13
191-10630-37,C0630,CTA AHORROS DOLARES,Cajamarca,29/09/2020,1640.9
191-10631-49,C0631,CTA AHORROS SOLES,Surco,09/07/2011,14030.77
191-10632-76,C0632,CTA AHORROS DOLARES,San Isidro,14/10/2016,8505.35
191-10633-28,C0633,CTA AHORROS SOLES,Miraflores,14/08/2020,10436.85
191-10634-82,C0634,CTA AHORROS SOLES,Lince,21/09/2024,1679.96
191-10635-40,C0635,CTA CORRIENTE,Surco,18/04/2012,6662.29
191-10636-92,C0636,CTA AHORROS SOLES,Miraflores,14/09/2020,8443.35
191-10637-69,C0637,CTA AHORROS DOLARES,Miraflores,31/01/2012,3038.08
191-10638-12,C0638,CTA AHORROS SOLES,La Molina,27/09/2021,1873.27
191-10639-34,C0639,CTA CORRIENTE,Cajamarca,25/02/2024,807.14
191-10640-84,C0640,CTA AHORROS SOLES,Callao,20/04/2020,14774.88
191-10641-83,C0641,CTA CORRIENTE,Surco,19/08/2013,1016.3
191-10642-34,C0642,CTA AHORROS DOLARES,San Isidro,27/03/2014,7472.19
191-10643-65,C0643,CTA AHORROS SOLES,Callao,28/07/2022,9921.91
191-10644-55,C0644,CTA AHORROS DOLARES,Cajamarca,24/06/2021,3145.46
191-10645-81,C0645,CTA AHORROS SOLES,Callao,05/06/2023,7425.51
191-10646-59,C0646,CTA AHORROS DOLARES,Surco,12/06/2010,12116.53
191-10647-99,C0647,CTA AHORROS DOLARES,Miraflores,18/02/2015,3142.38
191-10648-18,C0648,CTA AHORROS DOLARES,Lince,27/04/2017,2495.57
191-10649-98,C0649,CTA CORRIENTE,Cajamarca,06/09/2013,3120.3
191-10650-48,C0650,CTA AHORROS SOLES,Cajamarca,12/11/2024,9020.39
191-10651-75,C0651,CTA AHORROS DOLARES,Surco,29/12/2012,2737.53
191-10652-93,C0652,CTA AHORROS SOLES,San Isidro,20/08/2019,14623.46
191-10653-82,C0653,CTA CORRIENTE,San Isidro,18/10/2016,11021.17
191-10654-16,C0654,CTA AHORROS SOLES,Cajamarca,26/09/2019,8813.46
191-10655-28,C0655,CTA AHORROS SOLES,Miraflores,12/11/2019,6054.78
191-10656-79,C0656,CTA AHORROS SOLES,Surco,21/08/2021,13141.28
191-10657-73,C0657,CTA AHORROS SOLES,La Molina,24/04/2022,10628.58
191-10658-13,C0658,CTA AHORROS SOLES,Lince,27/12/2020,538.4
191-10659-90,C0659,CTA CORRIENTE,La Molina,13/01/2012,7400.36
191-10660-20,C0660,CTA AHORROS SOLES,Surco,05/08/2016,10367.31
191-10661-27,C0661,CTA CORRIENTE,La Molina,26/02/2021,10304.31
191-10662-50,C0662,CTA AHORROS DOLARES,La Molina,26/07/2023,7009.78
191-10663-72,C0663,CTA AHORROS SOLES,Cajamarca,28/11/2011,7920.51
191-10664-23,C0664,CTA AHORROS SOLES,Callao,13/08/2010,14209.19
191-10665-50,C0665,CTA AHORROS DOLARES,San Isidro,12/12/2022,10611.63
191-10666-37,C0666,CTA AHORROS DOLARES,Lince,07/07/2022,13422.33
191-10667-26,C0667,CTA AHORROS SOLES,Miraflores,19/01/2012,13996.97
191-10668-32,C0668,CTA CORRIENTE,Miraflores,29/03/2020,14890.84
191-10669-13,C0669,CTA AHORROS SOLES,Miraflores,02/08/2018,9980.71
191-10670-63,C0670,CTA AHORROS SOLES,Miraflores,23/04/2022,7171.29
191-10671-56,C0671,CTA CORRIENTE,San Isidro,24/10/2015,14531.49
191-10672-81,C0672,CTA CORRIENTE,Callao,29/06/2019,5885.08
191-10673-81,C0673,CTA AHORROS SOLES,Surco,28/02/2017,14565.72
191-10674-31,C0674,CTA CORRIENTE,Callao,05/11/2022,3849.45
191-10675-74,C0675,CTA CORRIENTE,San Isidro,10/12/2020,13067.8
191-10676-73,C0676,CTA CORRIENTE,Lince,31/07/2015,10500.88
191-10677-79,C0677,CTA AHORROS DOLARES,Surco,15/11/2024,14304.98
191-10678-13,C0678,CTA CORRIENTE,La Molina,16/07/2019,10213.35
191-10679-60,C0679,CTA AHORROS SOLES,Callao,29/03/2021,8714.13
191-10680-47,C0680,CTA AHORROS DOLARES,La Molina,17/05/2019,3866.02
191-10681-92,C0681,CTA AHORROS SOLES,Miraflores,02/02/2010,14933.32
191-10682-41,C0682,CTA AHORROS SOLES,Surco,16/04/2018,6717.22
191-10683-14,C0683,CTA AHORROS DOLARES,Miraflores,27/12/2019,9649.25
191-10684-16,C0684,CTA AHORROS SOLES,La Molina,16/09/2012,2396.53
191-10685-63,C0685,CTA AHORROS DOLARES,Lince,03/07/2019,11181.19
191-10686-16,C0686,CTA CORRIENTE,San Isidro,16/06/2012,13947.76
191-10687-10,C0687,CTA CORRIENTE,La Molina,27/09/2013,1848.13
191-10688-65,C0688,CTA AHORROS SOLES,Callao,19/02/2011,1057.29
191-10689-60,C0689,CTA CORRIENTE,Callao,23/11/2024,1893.14
191-10690-98,C0690,CTA CORRIENTE,Miraflores,20/12/2012,7441.98
191-10691-18,C0691,CTA AHORROS SOLES,Lince,11/02/2024,5948.57
191-10692-99,C0692,CTA AHORROS DOLARES,Lince,02/05/2014,14404.73
191-10693-59,C0693,CTA CORRIENTE,La Molina,05/09/2016,6812.98
191-10694-43,C0694,CTA AHORROS SOLES,Callao,23/09/2014,9824.33
191-10695-38,C0695,CTA CORRIENTE,La Molina,16/05/2013,2619.91
191-10696-70,C0696,CTA AHORROS DOLARES,Lince,01/12/2023,7005.19
191-10697-90,C0697,CTA CORRIENTE,Surco,08/04/2011,11635.52
191-10698-26,C0698,CTA CORRIENTE,Cajamarca,25/08/2020,14216.65
191-10699-35,C0699,CTA CORRIENTE,Lince,10/04/2017,9552.13
191-10700-74,C0700,CTA AHORROS SOLES,Surco,06/03/2013,10608.14
191-10701-43,C0701,CTA AHORROS SOLES,Callao,26/03/2015,10968.19
191-10702-61,C0702,CTA AHORROS SOLES,Miraflores,02/04/2017,6148.79
191-10703-82,C0703,CTA AHORROS SOLES,San Isidro,05/06/2019,7671.66
191-10704-38,C0704,CTA AHORROS SOLES,La Molina,21/01/2022,1038.23
191-10705-35,C0705,CTA AHORROS DOLARES,Miraflores,26/02/2020,4722.11
191-10706-10,C0706,CTA AHORROS SOLES,Surco,21/06/2021,14823.05
191-10707-27,C0707,CTA AHORROS DOLARES,Surco,22/07/2021,3820.18
191-10708-76,C0708,CTA AHORROS DOLARES,La Molina,27/04/2019,7685.39
191-10709-81,C0709,CTA AHORROS DOLARES,San Isidro,13/07/2021,11693.45
191-10710-30,C0710,CTA AHORROS SOLES,Cajamarca,06/08/2014,11789.93
191-10711-36,C0711,CTA AHORROS DOLARES,San Isidro,06/11/2012,11573.69
191-10712-48,C0712,CTA AHORROS SOLES,Surco,08/09/2013,4847.7
191-10713-83,C0713,CTA AHORROS SOLES,La Molina,25/11/2013,5272.41
191-10714-16,C0714,CTA CORRIENTE,Lince,16/06/2016,4475.98
191-10715-84,C0715,CTA AHORROS SOLES,Callao,13/04/2016,2091.41
191-10716-39,C0716,CTA AHORROS SOLES,Surco,01/12/2013,4581.36
191-10717-65,C0717,CTA CORRIENTE,La Molina,30/11/2017,11327.07
191-10718-94,C0718,CTA CORRIENTE,La Molina,13/07/2022,13360.8
191-10719-29,C0719,CTA CORRIENTE,Cajamarca,06/07/2019,1594.52
191-10720-52,C0720,CTA AHORROS SOLES,Surco,13/06/2021,3150.92
191-10721-60,C0721,CTA CORRIENTE,Miraflores,12/06/2011,6547.76
191-10722-35,C0722,CTA AHORROS SOLES,La Molina,13/04/2023,4371.23
191-10723-89,C0723,CTA AHORROS SOLES,La Molina,23/11/2018,2780.7
191-10724-62,C0724,CTA AHORROS SOLES,Lince,13/04/2020,6029.35
191-10725-93,C0725,CTA AHORROS DOLARES,Callao,26/01/2011,5728.05
191-10726-82,C0726,CTA CORRIENTE,La Molina,25/04/2023,12028.81
191-10727-24,C0727,CTA AHORROS SOLES,Surco,20/03/2019,3349.53
191-10728-19,C0728,CTA AHORROS DOLARES,Lince,04/12/2023,6576.19
191-10729-45,C0729,CTA CORRIENTE,La Molina,17/02/2023,14295.48
191-10730-31,C0730,CTA CORRIENTE,Lince,27/01/2023,8290.89
191-10731-28,C0731,CTA CORRIENTE,Surco,08/06/2015,2359.34
191-10732-36,C0732,CTA CORRIENTE,Surco,05/10/2017,9873.19
191-10733-90,C0733,CTA CORRIENTE,Surco,14/03/2010,8983.21
191-10734-13,C0734,CTA AHORROS SOLES,San Isidro,15/12/2021,5533.97
191-10735-30,C0735,CTA CORRIENTE,Lince,21/03/2011,7751.4
191-10736-16,C0736,CTA CORRIENTE,La Molina,21/05/2019,868.08
191-10737-85,C0737,CTA AHORROS DOLARES,San Isidro,04/02/2017,950.82
191-10738-39,C0738,CTA AHORROS SOLES,Cajamarca,17/08/2023,7724.29
191-10739-96,C0739,CTA AHORROS SOLES,Miraflores,30/05/2022,10806.46
191-10740-74,C0740,CTA AHORROS DOLARES,San Isidro,19/06/2021,3317.19
191-10741-58,C0741,CTA AHORROS SOLES,San Isidro,06/06/2023,14840.71
191-10742-95,C0742,CTA AHORROS DOLARES,Callao,20/02/2013,12113.41
191-10743-37,C0743,CTA CORRIENTE,Surco,06/04/2012,2991.04
191-10744-32,C0744,CTA AHORROS SOLES,Lince,30/04/2016,8926.94
191-10745-30,C0745,CTA AHORROS SOLES,Surco,29/10/2023,13219.4
191-10746-57,C0746,CTA AHORROS DOLARES,San Isidro,11/07/2018,13755.58
191-10747-88,C0747,CTA CORRIENTE,San Isidro,06/07/2024,11894.52
191-10748-80,C0748,CTA CORRIENTE,Cajamarca,02/12/2018,8126.13
191-10749-60,C0749,CTA AHORROS DOLARES,Cajamarca,11/01/2016,8934.38
191-10750-53,C0750,CTA AHORROS SOLES,La Molina,07/10/2019,2922.27
191-10751-40,C0751,CTA AHORROS SOLES,Surco,25/07/2016,834.31
191-10752-98,C0752,CTA AHORROS SOLES,Callao,30/12/2010,3716.42
191-10753-92,C0753,CTA AHORROS SOLES,Surco,24/01/2020,7101.29
191-10754-26,C0754,CTA CORRIENTE,Lince,03/11/2024,2632.03
191-10755-36,C0755,CTA AHORROS DOLARES,Lince,17/08/2013,6281.16
191-10756-91,C0756,CTA AHORROS SOLES,Surco,22/03/2020,4323.41
191-10757-74,C0757,CTA AHORROS SOLES,Miraflores,07/12/2014,4158.91
191-10758-92,C0758,CTA AHORROS DOLARES,Lince,05/08/2019,14349.03
191-10759-76,C0759,CTA AHORROS SOLES,Surco,15/12/2016,14453.11
191-10760-30,C0760,CTA CORRIENTE,San Isidro,22/05/2010,5998.22
191-10761-91,C0761,CTA AHORROS SOLES,Cajamarca,01/03/2013,4364.75
191-10762-96,C0762,CTA AHORROS SOLES,Cajamarca,10/07/2011,1516.32
191-10763-66,C0763,CTA AHORROS SOLES,San Isidro,12/01/2019,7487.27
191-10764-55,C0764,CTA AHORROS SOLES,Cajamarca,06/06/2014,8294.81
191-10765-65,C0765,CTA AHORROS SOLES,Miraflores,15/02/2023,6533.03
191-10766-38,C0766,CTA AHORROS SOLES,Miraflores,08/07/2011,14185.61
191-10767-31,C0767,CTA AHORROS SOLES,Surco,29/04/2012,7402.64
191-10768-72,C0768,CTA AHORROS DOLARES,Cajamarca,15/08/2019,14560.1
191-10769-69,C0769,CTA AHORROS DOLARES,San Isidro,05/01/2011,7821.79
191-10770-66,C0770,CTA CORRIENTE,La Molina,26/06/2022,13316.35
191-10771-80,C0771,CTA AHORROS DOLARES,Surco,26/05/2018,11965.47
191-10772-66,C0772,CTA AHORROS DOLARES,Surco,30/03/2015,13296.46
191-10773-66,C0773,CTA CORRIENTE,Miraflores,01/06/2013,14886.62
191-10774-24,C0774,CTA AHORROS DOLARES,Cajamarca,01/11/2018,4172.39
191-10775-92,C0775,CTA CORRIENTE,San Isidro,06/05/2014,10045.77
191-10776-89,C0776,CTA AHORROS SOLES,San Isidro,08/01/2018,8168.87
191-10777-67,C0777,CTA AHORROS SOLES,La Molina,09/12/2011,7705.87
191-10778-48,C0778,CTA CORRIENTE,Lince,24/04/2020,4008.79
191-10779-12,C0779,CTA AHORROS SOLES,Cajamarca,08/07/2010,5101.59
191-10780-23,C0780,CTA CORRIENTE,Lince,03/12/2024,1212.02
191-10781-14,C0781,CTA AHORROS DOLARES,San Isidro,06/09/2020,12294.08
191-10782-95,C0782,CTA CORRIENTE,Miraflores,24/10/2012,1989.46
191-10783-23,C0783,CTA AHORROS SOLES,San Isidro,07/05/2021,5474.25
191-10784-32,C0784,CTA AHORROS SOLES,Lince,05/03/2022,14101.62
191-10785-90,C0785,CTA CORRIENTE,San Isidro,01/08/2016,1184.53
191-10786-10,C0786,CTA AHORROS SOLES,Callao,01/08/2022,2825.12
191-10787-68,C0787,CTA AHORROS DOLARES,Lince,09/04/2015,10143.81
191-10788-88,C0788,CTA AHORROS SOLES,Cajamarca,15/12/2019,2296.55
191-10789-57,C0789,CTA AHORROS DOLARES,Cajamarca,15/09/2023,12909.24
191-10790-32,C0790,CTA AHORROS DOLARES,Callao,20/11/2011,8556.82
191-10791-32,C0791,CTA AHORROS DOLARES,Callao,10/08/2022,6223.22
191-10792-55,C0792,CTA CORRIENTE,Surco,19/07/2014,6860.34
191-10793-23,C0793,CTA AHORROS SOLES,Miraflores,25/06/2023,9579.69
191-10794-14,C0794,CTA AHORROS SOLES,Surco,22/03/2015,6661.58
191-10795-30,C0795,CTA AHORROS SOLES,Miraflores,27/04/2016,8531.3
191-10796-82,C0796,CTA AHORROS SOLES,Surco,25/09/2014,2146.59
191-10797-61,C0797,CTA AHORROS SOLES,San Isidro,26/02/2013,14902.8
191-10798-85,C0798,CTA CORRIENTE,Miraflores,20/07/2016,2497.32
191-10799-21,C0799,CTA AHORROS SOLES,Lince,23/09/2024,657.41
191-10800-70,C0800,CTA AHORROS SOLES,Surco,04/09/2017,12050.45
191-10801-61,C0801,CTA CORRIENTE,Cajamarca,04/04/2022,13784.75
191-10802-42,C0802,CTA AHORROS SOLES,Cajamarca,24/08/2015,11159.84
191-10803-66,C0803,CTA CORRIENTE,San Isidro,17/01/2015,7083.39
191-10804-58,C0804,CTA CORRIENTE,Surco,08/11/2012,4773.98
191-10805-26,C0805,CTA AHORROS SOLES,Miraflores,12/06/2022,11082.37
191-10806-38,C0806,CTA AHORROS DOLARES,San Isidro,29/03/2023,10963.49
191-10807-40,C0807,CTA AHORROS SOLES,Lince,13/02/2023,10376.37
191-10808-90,C0808,CTA AHORROS SOLES,Callao,03/03/2021,13159.1
191-10809-58,C0809,CTA AHORROS SOLES,La Molina,05/04/2015,8848.97
191-10810-89,C0810,CTA AHORROS DOLARES,Lince,10/04/2019,3119.07
191-10811-57,C0811,CTA AHORROS SOLES,Miraflores,12/06/2012,5918.86
191-10812-54,C0812,CTA AHORROS SOLES,San Isidro,26/11/2019,8236.28
191-10813-37,C0813,CTA AHORROS SOLES,Surco,13/09/2020,13039.69
191-10814-18,C0814,CTA CORRIENTE,Surco,23/05/2015,9674.46
191-10815-59,C0815,CTA CORRIENTE,Lince,05/03/2013,13449.76
191-10816-92,C0816,CTA AHORROS SOLES,Lince,24/12/2011,4051.46
191-10817-75,C0817,CTA AHORROS SOLES,Lince,30/12/2015,10219.52
191-10818-72,C0818,CTA AHORROS SOLES,Surco,25/12/2018,7425.8
191-10819-83,C0819,CTA AHORROS SOLES,Cajamarca,22/08/2013,6491.97
191-10820-40,C0820,CTA CORRIENTE,Cajamarca,18/06/2011,1065.83
191-10821-44,C0821,CTA AHORROS DOLARES,Lince,15/03/2020,7149.41
191-10822-64,C0822,CTA CORRIENTE,Cajamarca,03/12/2015,6227.09
191-10823-15,C0823,CTA AHORROS SOLES,Cajamarca,18/10/2010,3220.27
191-10824-67,C0824,CTA AHORROS SOLES,La Molina,25/11/2011,8586.59
191-10825-23,C0825,CTA AHORROS SOLES,Surco,18/05/2014,10910.33
191-10826-58,C0826,CTA CORRIENTE,Lince,19/12/2018,12888.54
191-10827-31,C0827,CTA CORRIENTE,San Isidro,06/05/2022,10582.9
191-10828-93,C0828,CTA AHORROS SOLES,Miraflores,28/02/2019,12033.36
191-10829-69,C0829,CTA CORRIENTE,Callao,03/09/2014,1007.0
191-10830-37,C0830,CTA AHORROS DOLARES,Callao,14/04/2022,2667.85
191-10831-93,C0831,CTA AHORROS SOLES,Cajamarca,16/11/2019,1604.11
191-10832-65,C0832,CTA AHORROS SOLES,Miraflores,24/05/2022,12392.81
191-10833-42,C0833,CTA AHORROS SOLES,Callao,03/08/2010,12968.97
191-10834-20,C0834,CTA AHORROS SOLES,Lince,17/09/2019,7749.31
191-10835-36,C0835,CTA AHORROS SOLES,La Molina,28/10/2023,543.13
191-10836-19,C0836,CTA AHORROS DOLARES,Surco,23/02/2020,5739.41
191-10837-43,C0837,CTA AHORROS SOLES,Miraflores,30/10/2022,4423.84
191-10838-10,C0838,CTA AHORROS DOLARES,Callao,15/08/2024,3382.8
191-10839-44,C0839,CTA CORRIENTE,Callao,29/04/2018,982.63
191-10840-80,C0840,CTA CORRIENTE,San Isidro,09/02/2013,2382.6
191-10841-51,C0841,CTA AHORROS DOLARES,Cajamarca,14/12/2011,687.02
191-10842-16,C0842,CTA AHORROS DOLARES,Cajamarca,07/02/2013,11379.64
191-10843-50,C0843,CTA AHORROS SOLES,Cajamarca,16/04/2013,1219.44
191-10844-12,C0844,CTA AHORROS SOLES,Lince,10/06/2019,14898.88
191-10845-13,C0845,CTA CORRIENTE,Surco,23/01/2010,12634.36
191-10846-60,C0846,CTA AHORROS SOLES,Surco,09/05/2013,2160.12
191-10847-41,C0847,CTA CORRIENTE,Miraflores,18/04/2011,11130.92
191-10848-96,C0848,CTA AHORROS SOLES,Callao,14/04/2018,11730.46
191-10849-72,C0849,CTA AHORROS DOLARES,Lince,19/05/2020,2228.12
191-10850-35,C0850,CTA AHORROS DOLARES,Lince,15/02/2013,13584.02
191-10851-45,C0851,CTA AHORROS SOLES,La Molina,18/12/2012,4462.74
191-10852-89,C0852,CTA CORRIENTE,San Isidro,06/07/2010,4047.92
191-10853-54,C0853,CTA AHORROS SOLES,San Isidro,05/02/2016,13532.93
191-10854-44,C0854,CTA AHORROS DOLARES,Callao,13/09/2023,9499.98
191-10855-87,C0855,CTA AHORROS SOLES,Cajamarca,01/08/2022,14977.19
191-10856-83,C0856,CTA AHORROS SOLES,Lince,02/08/2023,7662.92
191-10857-35,C0857,CTA CORRIENTE,La Molina,29/04/2013,3316.88
191-10858-30,C0858,CTA CORRIENTE,La Molina,16/08/2021,655.78
191-10859-36,C0859,CTA AHORROS SOLES,La Molina,07/02/2024,3610.92
191-10860-77,C0860,CTA AHORROS SOLES,San Isidro,30/07/2010,4328.28
191-10861-94,C0861,CTA AHORROS SOLES,Surco,30/01/2010,6488.28
191-10862-60,C0862,CTA AHORROS SOLES,Miraflores,22/04/2024,14510.1
191-10863-91,C0863,CTA AHORROS DOLARES,Miraflores,16/07/2022,6623.95
191-10864-87,C0864,CTA AHORROS SOLES,Miraflores,23/03/2020,2990.65
191-10865-47,C0865,CTA AHORROS DOLARES,Lince,06/05/2014,14356.65
191-10866-72,C0866,CTA CORRIENTE,Lince,05/06/2021,7194.62
191-10867-68,C0867,CTA CORRIENTE,Miraflores,13/08/2024,3586.61
191-10868-95,C0868,CTA CORRIENTE,Miraflores,19/10/2012,7594.32
191-10869-22,C0869,CTA AHORROS SOLES,Surco,03/04/2016,2179.46
191-10870-65,C0870,CTA AHORROS DOLARES,La Molina,03/10/2015,3540.49
191-10871-53,C0871,CTA CORRIENTE,Cajamarca,15/04/2018,14669.9
191-10872-11,C0872,CTA AHORROS DOLARES,San Isidro,27/08/2017,2794.3
191-10873-10,C0873,CTA AHORROS DOLARES,Miraflores,20/07/2011,14578.74
191-10874-78,C0874,CTA AHORROS SOLES,Callao,07/10/2016,10451.52
191-10875-29,C0875,CTA AHORROS SOLES,San Isidro,02/11/2022,9921.64
191-10876-44,C0876,CTA CORRIENTE,La Molina,24/02/2022,855.59
191-10877-37,C0877,CTA AHORROS SOLES,Callao,05/06/2023,11543.22
191-10878-57,C0878,CTA CORRIENTE,La Molina,09/04/2012,12285.68
191-10879-71,C0879,CTA AHORROS DOLARES,Callao,15/01/2010,5619.03
191-10880-74,C0880,CTA CORRIENTE,Callao,30/03/2018,4761.81
191-10881-96,C0881,CTA AHORROS SOLES,Lince,04/01/2019,8517.23
191-10882-76,C0882,CTA AHORROS SOLES,La Molina,27/07/2020,14872.4
191-10883-75,C0883,CTA AHORROS SOLES,Lince,13/08/2014,13802.66
191-10884-48,C0884,CTA AHORROS SOLES,Callao,09/11/2014,7710.09
191-10885-36,C0885,CTA AHORROS SOLES,Lince,26/11/2011,4994.04
191-10886-23,C0886,CTA AHORROS DOLARES,Surco,15/06/2015,13330.14
191-10887-42,C0887,CTA AHORROS SOLES,Miraflores,26/03/2016,14942.09
191-10888-26,C0888,CTA AHORROS DOLARES,La Molina,24/12/2020,9039.9
191-10889-67,C0889,CTA AHORROS SOLES,Surco,04/01/2018,2722.63
191-10890-70,C0890,CTA AHORROS DOLARES,Miraflores,03/04/2017,13838.15
191-10891-39,C0891,CTA AHORROS SOLES,La Molina,20/07/2015,9437.21
191-10892-57,C0892,CTA AHORROS DOLARES,San Isidro,14/06/2013,977.48
191-10893-63,C0893,CTA AHORROS SOLES,San Isidro,07/01/2013,6217.48
191-10894-25,C0894,CTA AHORROS DOLARES,Lince,09/10/2014,13562.53
191-10895-89,C0895,CTA AHORROS SOLES,Miraflores,07/11/2011,12106.69
191-10896-20,C0896,CTA AHORROS SOLES,La Molina,20/03/2010,10275.6
191-10897-25,C0897,CTA AHORROS DOLARES,Cajamarca,30/06/2024,14616.64
191-10898-11,C0898,CTA AHORROS SOLES,Surco,15/01/2012,4606.98
191-10899-43,C0899,CTA CORRIENTE,Surco,20/11/2012,13957.28
191-10900-97,C0900,CTA CORRIENTE,Miraflores,06/05/2015,1346.95
191-10901-73,C0901,CTA CORRIENTE,Lince,15/11/2018,8194.93
191-10902-68,C0902,CTA CORRIENTE,Surco,14/09/2012,10899.15
191-10903-23,C0903,CTA AHORROS DOLARES,Cajamarca,02/05/2023,8421.23
191-10904-83,C0904,CTA AHORROS DOLARES,Surco,04/12/2022,6596.58
191-10905-32,C0905,CTA AHORROS DOLARES,Cajamarca,02/05/2020,2076.36
191-10906-51,C0906,CTA AHORROS SOLES,Callao,10/03/2021,10487.9
191-10907-30,C0907,CTA AHORROS SOLES,Lince,30/07/2020,1665.52
191-10908-50,C0908,CTA CORRIENTE,Callao,18/12/2012,7446.99
191-10909-50,C0909,CTA AHORROS SOLES,Lince,11/05/2021,3615.31
191-10910-18,C0910,CTA CORRIENTE,Lince,28/08/2010,9461.94
191-10911-44,C0911,CTA AHORROS SOLES,Callao,19/01/2010,5481.93
191-10912-88,C0912,CTA AHORROS SOLES,Cajamarca,30/11/2024,9994.8
191-10913-27,C0913,CTA AHORROS SOLES,La Molina,19/09/2016,12747.2
191-10914-79,C0914,CTA AHORROS DOLARES,Callao,20/10/2017,10215.49
191-10915-41,C0915,CTA AHORROS SOLES,San Isidro,26/06/2021,13162.88
191-10916-22,C0916,CTA AHORROS DOLARES,Surco,26/05/2012,11185.41
191-10917-41,C0917,CTA AHORROS SOLES,Surco,22/07/2014,12061.05
191-10918-25,C0918,CTA AHORROS DOLARES,Callao,14/05/2019,8903.91
191-10919-47,C0919,CTA AHORROS DOLARES,Callao,31/01/2017,7159.08
191-10920-73,C0920,CTA AHORROS SOLES,Lince,17/05/2024,6438.93
191-10921-47,C0921,CTA CORRIENTE,Miraflores,20/05/2013,12155.56
191-10922-48,C0922,CTA CORRIENTE,La Molina,31/01/2012,12727.58
191-10923-74,C0923,CTA AHORROS SOLES,La Molina,04/01/2016,13729.32
191-10924-61,C0924,CTA AHORROS DOLARES,Cajamarca,28/08/2013,10380.77
191-10925-41,C0925,CTA CORRIENTE,Surco,20/06/2015,11769.81
191-10926-34,C0926,CTA AHORROS SOLES,San Isidro,11/04/2013,3421.1
191-10927-79,C0927,CTA AHORROS SOLES,Cajamarca,24/05/2024,7198.59
191-10928-52,C0928,CTA AHORROS SOLES,Miraflores,07/07/2024,6483.59
191-10929-77,C0929,CTA AHORROS SOLES,Lince,26/06/2023,14471.48
191-10930-64,C0930,CTA AHORROS SOLES,San Isidro,24/11/2012,7472.51
191-10931-80,C0931,CTA CORRIENTE,Surco,09/06/2022,6877.03
191-10932-88,C0932,CTA AHORROS SOLES,Callao,14/03/2015,11023.78
191-10933-63,C0933,CTA CORRIENTE,Lince,16/10/2021,9065.62
191-10934-14,C0934,CTA AHORROS SOLES,Cajamarca,19/09/2024,13157.99
191-10935-92,C0935,CTA AHORROS DOLARES,Miraflores,28/11/2010,3503.09
191-10936-76,C0936,CTA CORRIENTE,Surco,16/05/2017,2281.18
191-10937-46,C0937,CTA AHORROS DOLARES,Cajamarca,06/04/2011,3303.81
191-10938-42,C0938,CTA AHORROS SOLES,Surco,24/07/2015,8028.37
191-10939-24,C0939,CTA CORRIENTE,La Molina,23/07/2010,7546.15
191-10940-49,C0940,CTA AHORROS SOLES,Miraflores,29/11/2012,4758.88
191-10941-85,C0941,CTA AHORROS SOLES,Lince,15/12/2022,11595.81
191-10942-14,C0942,CTA AHORROS SOLES,La Molina,28/05/2023,8963.25
191-10943-31,C0943,CTA AHORROS SOLES,Surco,26/12/2019,8477.22
191-10944-75,C0944,CTA AHORROS SOLES,Lince,16/01/2018,2690.92
191-10945-29,C0945,CTA AHORROS SOLES,Lince,18/08/2022,1491.11
191-10946-19,C0946,CTA AHORROS DOLARES,Callao,30/09/2013,605.64
191-10947-28,C0947,CTA AHORROS SOLES,Cajamarca,28/07/2015,9017.32
191-10948-67,C0948,CTA AHORROS SOLES,Cajamarca,25/04/2015,9223.81
191-10949-77,C0949,CTA AHORROS DOLARES,Callao,31/03/2016,3729.1
191-10950-75,C0950,CTA CORRIENTE,La Molina,03/09/2024,14678.4
191-10951-84,C0951,CTA AHORROS SOLES,Surco,03/01/2020,1544.11
191-10952-49,C0952,CTA AHORROS SOLES,Cajamarca,26/01/2019,13754.58
191-10953-33,C0953,CTA AHORROS DOLARES,Surco,10/08/2018,2741.28
191-10954-17,C0954,CTA AHORROS DOLARES,San Isidro,16/09/2015,14478.89
191-10955-36,C0955,CTA CORRIENTE,Callao,18/04/2019,10945.32
191-10956-25,C0956,CTA AHORROS DOLARES,San Isidro,11/07/2011,3401.65
191-10957-68,C0957,CTA AHORROS SOLES,Miraflores,09/09/2012,10404.54
191-10958-33,C0958,CTA AHORROS SOLES,Cajamarca,29/12/2021,7103.2
191-10959-37,C0959,CTA AHORROS SOLES,San Isidro,26/12/2013,12852.38
191-10960-90,C0960,CTA AHORROS DOLARES,Cajamarca,22/03/2013,6418.16
191-10961-95,C0961,CTA AHORROS SOLES,Lince,28/01/2019,14488.02
191-10962-26,C0962,CTA AHORROS DOLARES,Cajamarca,20/12/2015,9149.93
191-10963-38,C0963,CTA AHORROS SOLES,Lince,15/09/2019,10024.47
191-10964-39,C0964,CTA AHORROS SOLES,San Isidro,11/09/2010,9953.98
191-10965-79,C0965,CTA AHORROS DOLARES,San Isidro,02/03/2013,2511.84
191-10966-48,C0966,CTA AHORROS SOLES,Lince,15/03/2020,10350.56
191-10967-55,C0967,CTA CORRIENTE,Miraflores,10/05/2015,2576.33
191-10968-50,C0968,CTA AHORROS SOLES,La Molina,20/04/2013,12705.23
191-10969-16,C0969,CTA AHORROS SOLES,La Molina,05/07/2017,4634.97
191-10970-47,C0970,CTA AHORROS SOLES,Cajamarca,15/12/2018,1733.58
191-10971-25,C0971,CTA CORRIENTE,Cajamarca,07/07/2011,577.33
191-10972-38,C0972,CTA AHORROS SOLES,Surco,25/03/2013,11304.1
191-10973-31,C0973,CTA CORRIENTE,Lince,24/05/2018,14050.12
191-10974-74,C0974,CTA AHORROS SOLES,San Isidro,09/05/2018,1685.32
191-10975-22,C0975,CTA AHORROS SOLES,Callao,07/09/2021,6476.7
191-10976-28,C0976,CTA AHORROS DOLARES,Callao,17/05/2013,2999.16
191-10977-97,C0977,CTA CORRIENTE,Surco,17/10/2023,615.15
191-10978-18,C0978,CTA AHORROS DOLARES,La Molina,31/08/2019,13989.87
191-10979-38,C0979,CTA AHORROS SOLES,Surco,03/05/2010,12159.41
191-10980-22,C0980,CTA CORRIENTE,Lince,12/07/2015,12573.16
191-10981-90,C0981,CTA AHORROS DOLARES,Surco,13/11/2023,9539.73
191-10982-75,C0982,CTA AHORROS SOLES,Lince,04/04/2013,14967.91
191-10983-78,C0983,CTA AHORROS SOLES,Surco,24/01/2022,13269.88
191-10984-27,C0984,CTA AHORROS SOLES,La Molina,25/12/2020,7677.17
191-10985-91,C0985,CTA AHORROS SOLES,Surco,04/01/2012,3221.93
191-10986-74,C0986,CTA AHORROS SOLES,San Isidro,12/11/2024,14102.31
191-10987-68,C0987,CTA AHORROS DOLARES,Miraflores,15/12/2021,566.97
191-10988-74,C0988,CTA AHORROS SOLES,San Isidro,14/04/2015,4388.92
191-10989-90,C0989,CTA AHORROS SOLES,Lince,27/09/2011,10454.41
191-10990-17,C0990,CTA CORRIENTE,Lince,24/11/2013,11126.56
191-10991-24,C0991,CTA AHORROS SOLES,Miraflores,11/10/2012,10287.09
191-10992-71,C0992,CTA CORRIENTE,Callao,19/03/2022,11157.96
191-10993-74,C0993,CTA AHORROS SOLES,Miraflores,19/12/2010,6171.9
191-10994-90,C0994,CTA AHORROS SOLES,Surco,21/09/2024,1626.34
191-10995-47,C0995,CTA AHORROS DOLARES,Surco,06/02/2015,870.6
191-10996-89,C0996,CTA AHORROS DOLARES,Lince,26/04/2015,9303.26
191-10997-90,C0997,CTA CORRIENTE,San Isidro,05/11/2014,5622.73
191-10998-12,C0998,CTA CORRIENTE,Surco,28/10/2014,4628.53
191-10999-23,C0999,CTA AHORROS DOLARES,Surco,08/06/2011,6047.07
191-11000-97,C1000,CTA AHORROS SOLES,Callao,10/02/2022,8318.31
